"","2015-11-01","2015-12-01","2016-01-01","2016-02-01","2016-03-01","2016-04-01","2016-05-01","2016-06-01","2016-07-01","2016-08-01","2016-09-01","2016-10-01","2016-11-01","2016-12-01","2017-01-01","three","six","nine","twelve","fifteen"
"0716756676",61.6264060880501,61.6264060880501,61.6264060880501,61.6264060880501,61.6264060880501,61.6264060880501,61.6264060880501,61.6264060880501,61.6264060880501,61.6264060880501,61.6264060880501,61.6264060880501,61.6264060880501,61.6264060880501,61.6264060880501,185,370,555,740,924
"1319041086",0,0,0,0,0,0,0,0,0,0,0,0,0,0,0,0,0,0,0,0
"1319041957",0,0,0,0,0,0,0,0,0,0,0,0,0,0,0,0,0,0,0,0
"1319042406",0,0,0,0,0,0,0,0,0,0,0,0,0,0,0,0,0,0,0,0
"1319042430",0,0,0,0,0,0,0,0,0,0,0,0,0,0,0,0,0,0,0,0
"1319042465",0,0,0,0,0,0,0,0,0,0,0,0,0,0,0,0,0,0,0,0
"1319044239",0,0,0,0,0,0,0,0,0,0,0,0,0,0,0,0,0,0,0,0
"1319053416",0,0,0,0,0,0,0,0,0,0,0,0,0,0,0,0,0,0,0,0
"1319056911",0,0,0,0,0,0,0,0,0,0,0,0,0,0,0,0,0,0,0,0
"131905692X",0,0,0,0,0,0,0,0,0,0,0,0,0,0,0,0,0,0,0,0
"1319056938",0,0,0,0,0,0,0,0,0,0,0,0,0,0,0,0,0,0,0,0
"0312393555",49.3916251270199,-152.592187554566,-169.828710984023,-178.961707464331,-157.138739366789,-121.670924300143,339.199731902224,606.573775915599,131.247897739438,-161.223991747198,-36.2495629412596,605.352689816136,49.3916251270199,-152.592187554566,-169.828710984023,-273,-731,346,754,481
"031241501X",121.175935460542,-75.5474553858142,-68.0245585641419,-68.6144390516016,-78.6722831753518,-75.5308915772248,123.852632171628,374.236510114227,148.426130735763,-76.296774071323,-59.1638751762815,467.380272065484,121.175935460542,-75.5474553858142,-68.0245585641419,-22,-245,401,733,711
"0312442432",312.839810334593,150.083893916918,2.85441552192354,-10.03140188451,-11.364831624491,-6.06941572008343,56.8631105124285,177.986235051603,185.334722037933,37.3412727606232,-4.07200532495666,42.8743206208676,312.839810334593,150.083893916918,2.85441552192354,466,438,858,935,1400
"0312446497",37.0105917013281,-10.7353904776914,-9.69871348300305,7.13953935820687,11.4165969881422,52.6519905531423,202.854918491192,215.120230280102,93.0951278523354,-4.17524762016462,-3.30865930366294,109.032384444069,37.0105917013281,-10.7353904776914,-9.69871348300305,17,88,599,700,717
"0312457537",508.556928832088,286.083794548019,61.4431541938799,108.224855639947,36.0982599646054,76.4244255734187,280.120491189262,420.299766229472,548.902951513306,133.064025458261,50.5016550923475,128.395442264813,508.558317779467,286.084575886969,61.4433220046069,856,1077,2326,2638,3494
"0312461887",212.06254807862,103.830356175892,111.781425578768,83.5298379428343,143.811549759459,160.5850737672,421.662932533524,574.534546208738,176.997023257186,70.5187228634252,125.17195149085,511.218237043583,212.063606278176,103.830874293012,111.781983372003,428,816,1989,2696,3123
"0312472390",180.828813839719,-181.25184195998,-151.507090786823,-129.055891009086,-116.428893616083,160.147389528183,439.553749060261,830.712642625152,220.266055667181,-168.347334777129,-127.657389013748,581.190132652563,180.828813839719,-181.25184195998,-151.507090786823,-152,-237,1253,1538,1387
"0312555288",346.875495499109,68.4991876605184,74.6674930041224,67.6736042838251,76.3908207808794,73.4575679680102,501.315012140794,533.881654203184,332.530081750544,48.1132680156922,100.051008833,652.30695424309,346.876200504142,68.4993268812839,74.6676447616234,490,708,2075,2876,3366
"0312566735",189.470792841076,97.0377704760167,106.691105061093,30.0840709553899,59.8070398778558,181.068184236123,114.888013766891,397.098248370947,519.365457751534,149.792983328571,55.9952907283619,32.5309505609436,189.470792841076,97.0377704760167,106.691105061093,393,664,1696,1934,2327
"0312589972",146.030095235385,50.5721641548901,32.5746354327376,15.159723590995,20.7133382574521,25.4730448187367,50.5647397032161,145.806362706595,47.6071858853019,15.8552075955961,40.867648738701,194.553128366539,146.030435571655,50.5722820178668,32.574711350855,229,291,535,786,1015
"0312596804",172.101284489548,20.8118051819451,-11.6743953386193,-13.4474233541869,-20.6950501459809,-4.39378920561187,-20.8578788203216,113.55442644614,155.744727032127,7.11831653562589,-15.7035180409915,5.87263421566031,172.101284489548,20.8118051819451,-11.6743953386193,181,143,391,388,570
"0312648847",112.548391921466,112.548391921466,112.548391921466,112.548391921466,112.548391921466,112.548391921466,112.548391921466,112.548391921466,112.548391921466,112.548391921466,112.548391921466,112.548391921466,112.548391921466,112.548391921466,112.548391921466,338,675,1013,1351,1688
"0312649711",700.468998634732,72.7412979712783,55.8178759046644,69.0444439147372,106.69972573812,283.76287475147,3144.28656106001,2820.6881965642,647.998901947764,51.1035648246946,179.716288115136,1063.06144991709,700.493805507845,72.7438740797889,55.8198526758958,829,1289,7902,9195,10024
"0312666764",126.915527349694,126.915527349694,126.915527349694,126.915527349694,126.915527349694,126.915527349694,126.915527349694,126.915527349694,126.915527349694,126.915527349694,126.915527349694,126.915527349694,126.915527349694,126.915527349694,126.915527349694,381,761,1142,1523,1904
"0312676026",226.372800396942,-86.8332494085315,-75.271777991752,-87.9177508781258,-39.9784039593757,-30.7696037651888,558.678802471838,746.788617706093,160.10078874186,-81.8582349063099,-8.86962913887132,750.916116627518,226.372800396942,-86.8332494085315,-75.271777991752,64,-94,1371,2031,2096
"1429201320",142.800165989398,-10.7772155475229,-19.2418675530941,23.7534639532947,-18.0159805734888,25.4615117967896,392.939010243828,432.216131810451,204.016318003315,-14.3498647331694,45.1325343525641,358.221757296622,142.800165989398,-10.7772155475229,-19.2418675530941,113,144,1173,1562,1675
"1429201886",103.079252455827,103.079252455827,103.079252455827,103.079252455827,103.079252455827,103.079252455827,103.079252455827,103.079252455827,103.079252455827,103.079252455827,103.079252455827,103.079252455827,103.079252455827,103.079252455827,103.079252455827,309,618,928,1237,1546
"1429215089",135.157605057911,-48.6855134260459,124.831672134641,3.858618969031,-89.2993675029235,-2.76427423345032,668.630413531329,705.668994986093,404.822577014829,14.88233970634,-30.0832918235421,396.290134276181,135.157605057911,-48.6855134260459,124.831672134641,211,123,1902,2283,2495
"1429229721",35.0804482440911,8.51942317303895,4.6276948140801,3.10843181448447,6.32353796765097,-1.31962995651813,37.9742525850835,150.7749236834,86.7356021607906,76.8394448233551,5.19471291141196,3.76722598829032,35.0804482440911,8.51942317303895,4.6276948140801,48,56,332,418,466
"1429231246",16.0035538141211,16.0035538141211,16.0035538141211,16.0035538141211,16.0035538141211,16.0035538141211,16.0035538141211,16.0035538141211,16.0035538141211,16.0035538141211,16.0035538141211,16.0035538141211,16.0035538141211,16.0035538141211,16.0035538141211,48,96,144,192,240
"1429234148",754.576843637184,388.2325146322,227.634575433014,217.108819183656,192.895431827553,529.966370195613,1958.13421994546,2387.30290787775,617.058229220891,179.219073924551,580.601106186729,1052.50635071746,754.721254877589,388.306814737585,227.678140235822,1370,2310,7273,9085,10456
"1429243287",285.653682353352,-172.492088286834,-196.021486658462,-114.824641075406,-126.577603421424,-61.2070181590108,503.303463697295,846.750791399216,182.233266489238,-170.913783735093,-165.911524879117,423.65758044624,285.653682353352,-172.492088286834,-196.021486658462,-83,-385,1147,1234,1151
"1429244097",73.758739208848,73.758739208848,73.758739208848,73.758739208848,73.758739208848,73.758739208848,73.758739208848,73.758739208848,73.758739208848,73.758739208848,73.758739208848,73.758739208848,73.758739208848,73.758739208848,73.758739208848,221,443,664,885,1106
"1429249951",132.727377069989,242.410861929893,352.094346789797,461.7778316497,571.461316509604,681.144801369507,790.828286229411,900.511771089314,1010.19525594922,1119.87874080912,1229.56222566902,1339.24571052893,1448.92919538883,1558.61268024874,1668.29616510864,727,2442,5143,8832,13508
"1429254890",117.296794466628,6.97952145413315,32.1556550724379,50.998658766932,35.6553639917983,59.2452354221709,377.659859184043,230.467639862093,85.4301518481553,14.4274071491042,60.6188599256447,220.954703677136,117.299432151989,6.97967840455663,32.1563781655201,156,302,996,1292,1448
"142925730X",264.97815411192,264.97815411192,264.97815411192,264.97815411192,264.97815411192,264.97815411192,264.97815411192,264.97815411192,264.97815411192,264.97815411192,264.97815411192,264.97815411192,264.97815411192,264.97815411192,264.97815411192,795,1590,2385,3180,3975
"1429278390",0,0,0,0,0,0,0,0,0,0,0,0,0,0,0,0,0,0,0,0
"1429278404",0,0,0,0,0,0,0,0,0,0,0,0,0,0,0,0,0,0,0,0
"1429278412",0,0,0,0,0,0,0,0,0,0,0,0,0,0,0,0,0,0,0,0
"1429278471",275.056153364432,275.056153364432,275.056153364432,275.056153364432,275.056153364432,275.056153364432,275.056153364432,275.056153364432,275.056153364432,275.056153364432,275.056153364432,275.056153364432,275.056153364432,275.056153364432,275.056153364432,825,1650,2476,3301,4126
"1429278498",259.841281758769,259.841281758769,259.841281758769,259.841281758769,259.841281758769,259.841281758769,259.841281758769,259.841281758769,259.841281758769,259.841281758769,259.841281758769,259.841281758769,259.841281758769,259.841281758769,259.841281758769,780,1559,2339,3118,3898
"1429279516",194.712998819133,50.9978107329063,12.8839769662847,35.0104018495007,12.5799606341602,22.9509101380882,53.7603862921186,228.976165574159,71.2411570492577,171.593442735664,30.8638613501114,135.327247118165,194.712998819133,50.9978107329063,12.8839769662847,259,329,683,1021,1279
"1429282959",0,0,0,0,0,0,0,0,0,0,0,0,0,0,0,0,0,0,0,0
"1429283815",0,0,0,0,0,0,0,0,0,0,0,0,0,0,0,0,0,0,0,0
"1429288841",6.98333933217087,6.98333933217087,6.98333933217087,6.98333933217087,6.98333933217087,6.98333933217087,6.98333933217087,6.98333933217087,6.98333933217087,6.98333933217087,6.98333933217087,6.98333933217087,6.98333933217087,6.98333933217087,6.98333933217087,21,42,63,84,105
"1429293128",354.432957412667,39.7122850474363,154.484370806513,153.806668484777,118.986427598156,295.63735654881,1004.16489999399,1446.21690761757,582.686773635042,51.4232051088336,508.843523715913,986.260001202748,354.433127428177,39.7123040967494,154.484444910059,549,1117,4150,5697,6245
"1429294760",404.491329729035,404.491329729035,404.491329729035,404.491329729035,404.491329729035,404.491329729035,404.491329729035,404.491329729035,404.491329729035,404.491329729035,404.491329729035,404.491329729035,404.491329729035,404.491329729035,404.491329729035,1213,2427,3640,4854,6067
"1429295635",353.243097507696,37.0938256683474,50.2072823741113,165.176337583508,220.688253667166,191.390785534189,841.207799185437,571.611507448915,135.313064908545,134.59450567374,399.806418140479,519.365141254735,371.780728802151,39.040450155541,52.8420800404056,441,1018,2566,3620,4083
"1429298901",21.5797457934593,21.5797457934593,21.5797457934593,21.5797457934593,21.5797457934593,21.5797457934593,21.5797457934593,21.5797457934593,21.5797457934593,21.5797457934593,21.5797457934593,21.5797457934593,21.5797457934593,21.5797457934593,21.5797457934593,65,129,194,259,324
"1429299061",0,0,0,0,0,0,0,0,0,0,0,0,0,0,0,0,0,0,0,0
"1464133379",0,0,0,0,0,0,0,0,0,0,0,0,0,0,0,0,0,0,0,0
"1464133441",0,0,0,0,0,0,0,0,0,0,0,0,0,0,0,0,0,0,0,0
"1464133611",0,0,0,0,0,0,0,0,0,0,0,0,0,0,0,0,0,0,0,0
"1464134227",0,0,0,0,0,0,0,0,0,0,0,0,0,0,0,0,0,0,0,0
"1464134596",0,0,0,0,0,0,0,0,0,0,0,0,0,0,0,0,0,0,0,0
"1464135126",0,0,0,0,0,0,0,0,0,0,0,0,0,0,0,0,0,0,0,0
"1464138907",0,0,0,0,0,0,0,0,0,0,0,0,0,0,0,0,0,0,0,0
"1464139792",0,0,0,0,0,0,0,0,0,0,0,0,0,0,0,0,0,0,0,0
"1464141959",0,0,0,0,0,0,0,0,0,0,0,0,0,0,0,0,0,0,0,0
"1464143277",313.50351978058,313.50351978058,313.50351978058,313.50351978058,313.50351978058,313.50351978058,313.50351978058,313.50351978058,313.50351978058,313.50351978058,313.50351978058,313.50351978058,313.50351978058,313.50351978058,313.50351978058,941,1881,2822,3762,4703
"1464143307",228.50680221453,228.50680221453,228.50680221453,228.50680221453,228.50680221453,228.50680221453,228.50680221453,228.50680221453,228.50680221453,228.50680221453,228.50680221453,228.50680221453,228.50680221453,228.50680221453,228.50680221453,686,1371,2057,2742,3428
"1464143846",0,0,0,0,0,0,0,0,0,0,0,0,0,0,0,0,0,0,0,0
"1464143870",0,0,0,0,0,0,0,0,0,0,0,0,0,0,0,0,0,0,0,0
"1464144745",0,0,0,0,0,0,0,0,0,0,0,0,0,0,0,0,0,0,0,0
"146414477X",0,0,0,0,0,0,0,0,0,0,0,0,0,0,0,0,0,0,0,0
"146414480X",0,0,0,0,0,0,0,0,0,0,0,0,0,0,0,0,0,0,0,0
"1464150281",0,0,0,0,0,0,0,0,0,0,0,0,0,0,0,0,0,0,0,0
"1464150850",285.755411938268,285.755411938268,285.755411938268,285.755411938268,285.755411938268,285.755411938268,285.755411938268,285.755411938268,285.755411938268,285.755411938268,285.755411938268,285.755411938268,285.755411938268,285.755411938268,285.755411938268,857,1715,2572,3429,4286
"1464152780",0,0,0,0,0,0,0,0,0,0,0,0,0,0,0,0,0,0,0,0
"1464153264",0,0,0,0,0,0,0,0,0,0,0,0,0,0,0,0,0,0,0,0
"1464153973",0,0,0,0,0,0,0,0,0,0,0,0,0,0,0,0,0,0,0,0
"1464155208",0,0,0,0,0,0,0,0,0,0,0,0,0,0,0,0,0,0,0,0
"1464157529",0,0,0,0,0,0,0,0,0,0,0,0,0,0,0,0,0,0,0,0
"1464157634",0,0,0,0,0,0,0,0,0,0,0,0,0,0,0,0,0,0,0,0
"1464162204",0,0,0,0,0,0,0,0,0,0,0,0,0,0,0,0,0,0,0,0
"1464163367",1140.54366199618,1140.54366199618,1140.54366199618,1140.54366199618,1140.54366199618,1140.54366199618,1140.54366199618,1140.54366199618,1140.54366199618,1140.54366199618,1140.54366199618,1140.54366199618,1140.54366199618,1140.54366199618,1140.54366199618,3422,6843,10265,13687,17108
"1464163383",0,0,0,0,0,0,0,0,0,0,0,0,0,0,0,0,0,0,0,0
"1464163421",0,0,0,0,0,0,0,0,0,0,0,0,0,0,0,0,0,0,0,0
"1464163472",0,0,0,0,0,0,0,0,0,0,0,0,0,0,0,0,0,0,0,0
"1464163499",0,0,0,0,0,0,0,0,0,0,0,0,0,0,0,0,0,0,0,0
"1464170045",0,0,0,0,0,0,0,0,0,0,0,0,0,0,0,0,0,0,0,0
"146417170X",0,0,0,0,0,0,0,0,0,0,0,0,0,0,0,0,0,0,0,0
"1464171750",0,0,0,0,0,0,0,0,0,0,0,0,0,0,0,0,0,0,0,0
"146417315X",0,0,0,0,0,0,0,0,0,0,0,0,0,0,0,0,0,0,0,0
"1464175349",0,0,0,0,0,0,0,0,0,0,0,0,0,0,0,0,0,0,0,0
"1464175365",87.6612161899126,87.6612161899126,87.6612161899126,87.6612161899126,87.6612161899126,87.6612161899126,87.6612161899126,87.6612161899126,87.6612161899126,87.6612161899126,87.6612161899126,87.6612161899126,87.6612161899126,87.6612161899126,87.6612161899126,263,526,789,1052,1315
"1464176019",0,0,0,0,0,0,0,0,0,0,0,0,0,0,0,0,0,0,0,0
"1464177503",0,0,0,0,0,0,0,0,0,0,0,0,0,0,0,0,0,0,0,0
"1464181705",0,0,0,0,0,0,0,0,0,0,0,0,0,0,0,0,0,0,0,0
"1464181713",0,0,0,0,0,0,0,0,0,0,0,0,0,0,0,0,0,0,0,0
"1464184879",0,0,0,0,0,0,0,0,0,0,0,0,0,0,0,0,0,0,0,0
"1464186448",0,0,0,0,0,0,0,0,0,0,0,0,0,0,0,0,0,0,0,0
"1464190755",0,0,0,0,0,0,0,0,0,0,0,0,0,0,0,0,0,0,0,0
"1464195757",0,0,0,0,0,0,0,0,0,0,0,0,0,0,0,0,0,0,0,0
"146419873X",0,0,0,0,0,0,0,0,0,0,0,0,0,0,0,0,0,0,0,0
"0312080735",161.081422222711,-50.53681696542,-112.634222721531,-89.3746428631824,-104.795456265263,-30.886445372692,267.163743283579,321.57272747161,65.8092471008734,-29.2408695192298,16.4213208834877,424.037693476498,161.081422222711,-50.53681696542,-112.634222721531,-2,-227,427,839,837
"0312132921",-99.7298494696795,-4.40622224540506,259.072164892488,112.844865601317,-64.1366492698961,-72.9625625032713,-54.6971141841989,-43.1462327849041,-55.1867398749174,26.2964240957877,221.962655748792,-18.7170328809686,-99.7298494696795,-4.40622224540506,259.072164892488,155,131,-22,207,362
"0312133545",62.4852824518642,-3.33758833316131,-5.51024307516599,0.771966343210295,2.07886893842871,14.5303381947073,134.667864515196,107.683566939843,48.2748158332338,-14.9126396485428,20.0205334848759,155.057546921999,62.4852824518642,-3.33758833316131,-5.51024307516599,54,71,362,522,575
"1457600455",258.451329027269,258.451329027269,258.451329027269,258.451329027269,258.451329027269,258.451329027269,258.451329027269,258.451329027269,258.451329027269,258.451329027269,258.451329027269,258.451329027269,258.451329027269,258.451329027269,258.451329027269,775,1551,2326,3101,3877
"1457604361",454.418565599077,74.4610409093653,80.0693591691274,64.0973570182015,191.805856836077,202.245775048027,1156.29063825065,1159.19294187206,358.16190196524,36.0567011684557,60.0818965824267,750.098166587387,454.424908005349,74.4620801762629,80.0704767123887,609,1067,3741,4587,5196
"1457604752",892.068061082751,218.132946639848,137.921148206021,155.200292768553,207.185933375094,557.619179579705,1386.49443619395,1559.44451947359,568.421817257413,57.1333137246889,543.30329385502,1664.86065912695,892.070205595091,218.133471026738,137.92147976548,1248,2168,5682,7948,9196
"1457604930",166.74588437986,41.6161793320846,22.4272958060369,31.8435554439818,24.0391958367171,128.406238643886,466.921753207569,592.2263007293,153.887587342597,20.0576430744133,72.5414177702842,290.973578261119,166.746881308157,41.6164281439034,22.4274298927395,231,415,1628,2012,2242
"1457606321",60.7912088913642,11.9070804691442,7.96604405477621,4.2496026002011,13.5006089694549,25.1117236093482,184.459012238479,187.551518165373,54.787044402928,6.16623118804292,43.0149649091179,176.128526807526,60.7924642769666,11.9073263595889,7.96620855976299,81,124,550,776,856
"145760633X",201.934191284425,20.045634781662,9.43107458989516,-6.23759176021238,69.8098902340338,26.3745999780822,598.808518989964,627.919100164722,208.989533946469,32.7016459187798,102.931803800659,397.651541624478,201.934191284425,20.045634781662,9.43107458989516,231,321,1757,2290,2522
"145760647X",258.690215275887,65.2603817687012,12.1353290222513,53.4521429559212,59.6875161836256,92.8157147102998,284.951368869549,343.358125876853,93.708879438672,22.8213591375672,61.4343794827919,435.836707192125,258.693142655218,65.2611202654879,12.1354663475511,336,542,1264,1784,2120
"1457606496",1442.46020544755,377.72551599793,319.860730891551,205.879064891583,192.335271578229,286.680823812494,1185.20986616866,1742.9187107516,1124.19448884214,64.8175035381316,368.86923961855,2215.7538129737,1442.46883812109,377.7277765671,319.862645158066,2140,2825,6877,9527,11667
"145760650X",2023.13378350619,671.107027819979,270.847458834785,243.066068257604,322.054911875013,380.815758039723,2239.4245104387,2987.84689344219,1224.0043719939,140.868007915929,487.716353062626,3215.25786500543,2023.13460803157,671.107301328722,270.847569218293,2965,3911,10362,14206,17171
"1457607301",176.929671556927,176.929671556927,176.929671556927,176.929671556927,176.929671556927,176.929671556927,176.929671556927,176.929671556927,176.929671556927,176.929671556927,176.929671556927,176.929671556927,176.929671556927,176.929671556927,176.929671556927,531,1062,1592,2123,2654
"1457607409",453.957489907211,278.108690837487,18.8575456004494,1.92383223670512,52.1865407802897,31.882474320821,86.9603099766408,485.312769937893,344.908997178904,108.856483128016,-33.6038332215178,105.253554766284,453.957489907211,278.108690837487,18.8575456004494,751,837,1754,1935,2686
"1457609118",166.616753538452,-81.5191833598175,-80.6010716256623,-78.3970444181658,-61.6639540856117,-66.3097060673604,387.551970599827,384.091146042082,90.3777251161942,-104.057344491825,-72.8607874682089,315.015215192857,166.616753538452,-81.5191833598175,-80.6010716256623,4,-202,660,798,803
"1457610248",0.0644405798669823,0.0644405798669823,0.0644405798669823,0.0644405798669823,0.0644405798669823,0.0644405798669823,0.0644405798669823,0.0644405798669823,0.0644405798669823,0.0644405798669823,0.0644405798669823,0.0644405798669823,0.0644405798669823,0.0644405798669823,0.0644405798669823,0,0,1,1,1
"1457613905",121.387503234774,12.4458644940798,26.1448959359212,7.6055346515395,36.17111991044,75.1616651219644,252.094293841556,292.971540744851,95.4580916967059,43.3637794863866,48.9891807250625,241.281754792348,121.38801777905,12.4459172503205,26.1450067603982,160,279,919,1253,1413
"1457617838",281.558779412843,46.7020034081579,132.442164823005,80.6271479886642,79.2702631025381,114.817173151575,389.101149702674,520.29622098645,254.362005175605,44.337054756331,137.279830060062,696.859128451046,281.559586560133,46.702137289245,132.442544496246,461,735,1899,2778,3238
"1457622602",869.096843285369,173.935668435086,42.0883789473327,89.7796799633533,185.458989686271,131.587998001861,1599.82565731587,888.113200607337,413.924312065028,60.2974969274111,535.394635355885,1183.45792630337,888.24540900492,177.767943979216,43.0157003345049,1085,1492,4394,6173,7282
"1457631458",428.695062930852,80.9584032891484,524.021197376646,68.589781017165,351.611285214084,309.184066612057,2241.28057912464,1296.25522466478,763.505998114287,24.5818027647104,545.214308120595,1532.79194781282,428.696980872054,80.9587654893946,524.023541797966,1034,1763,6064,8167,9200
"1457632853",941.854050222281,611.842187844374,116.283541278847,56.6871698392152,84.0614164367156,28.9841589455183,171.805462857306,1547.50657673117,907.567324790025,367.191632894352,156.134389155262,97.1588561756899,941.858005571754,611.844757297332,116.284029615701,1670,1840,4467,5087,6757
"1457632993",489.124227519603,69.4724510237355,77.2024144100301,78.0570279746649,181.673506668028,367.326203855106,952.459294675644,1541.99229307198,277.577250470261,102.389932745987,104.65641390177,624.545591104984,493.808682357551,70.1378046108039,77.9417996282154,636,1263,4035,4866,5508
"0312166214",29.1388168230651,44.4090065374862,157.479512642004,256.26776726869,102.295287241424,-8.77737351173792,27.8140824453564,256.084253934834,175.436582739493,3.67133679558064,1.43702113901671,16.2382402073597,28.6172972456369,43.9089023324321,156.999944421102,231,581,1040,1061,1291
"0312256248",76.8603807157979,-49.5234677135515,-76.7649895813052,-69.2339070881926,-63.0650519041206,-33.9864854916142,159.249088446347,170.571144341568,15.4066748436059,-71.2480862179087,-6.08492465156819,237.809925807651,76.8603807157979,-49.5234677135515,-76.7649895813052,-49,-216,130,290,241
"1319001254",0,0,0,0,0,0,0,0,0,0,0,0,0,0,0,0,0,0,0,0
"1319003605",0,0,0,0,0,0,0,0,0,0,0,0,0,0,0,0,0,0,0,0
"1319004601",0,0,0,0,0,0,0,0,0,0,0,0,0,0,0,0,0,0,0,0
"1319005349",0,0,0,0,0,0,0,0,0,0,0,0,0,0,0,0,0,0,0,0
"1319006302",0,0,0,0,0,0,0,0,0,0,0,0,0,0,0,0,0,0,0,0
"1319006329",0,0,0,0,0,0,0,0,0,0,0,0,0,0,0,0,0,0,0,0
"1319006787",0,0,0,0,0,0,0,0,0,0,0,0,0,0,0,0,0,0,0,0
"1319008011",0,0,0,0,0,0,0,0,0,0,0,0,0,0,0,0,0,0,0,0
"1319021204",0,0,0,0,0,0,0,0,0,0,0,0,0,0,0,0,0,0,0,0
"1319021395",0,0,0,0,0,0,0,0,0,0,0,0,0,0,0,0,0,0,0,0
"1319024165",0,0,0,0,0,0,0,0,0,0,0,0,0,0,0,0,0,0,0,0
"1457636913",68.4945788695805,68.4945788695805,68.4945788695805,68.4945788695805,68.4945788695805,68.4945788695805,68.4945788695805,68.4945788695805,68.4945788695805,68.4945788695805,68.4945788695805,68.4945788695805,68.4945788695805,68.4945788695805,68.4945788695805,205,411,616,822,1027
"1457636921",258.194646695821,258.194646695821,258.194646695821,258.194646695821,258.194646695821,258.194646695821,258.194646695821,258.194646695821,258.194646695821,258.194646695821,258.194646695821,258.194646695821,258.194646695821,258.194646695821,258.194646695821,775,1549,2324,3098,3873
"1457636964",21.871625164088,21.871625164088,21.871625164088,21.871625164088,21.871625164088,21.871625164088,21.871625164088,21.871625164088,21.871625164088,21.871625164088,21.871625164088,21.871625164088,21.871625164088,21.871625164088,21.871625164088,66,131,197,262,328
"1457638940",296.030420204435,47.4675394961692,24.9526407577811,218.146379382194,188.36605374932,343.608038597017,2918.90922673313,1631.77766264214,415.553281172658,39.8311926782782,406.261131098689,1004.87671247,296.123674984937,47.4824926046155,24.960501277775,368,1119,6085,7536,7904
"1457641739",0,0,0,0,0,0,0,0,0,0,0,0,0,0,0,0,0,0,0,0
"1457642182",202.905819082633,202.905819082633,202.905819082633,202.905819082633,202.905819082633,202.905819082633,202.905819082633,202.905819082633,202.905819082633,202.905819082633,202.905819082633,202.905819082633,202.905819082633,202.905819082633,202.905819082633,609,1217,1826,2435,3044
"1457648644",0,0,0,0,0,0,0,0,0,0,0,0,0,0,0,0,0,0,0,0
"1457648652",0,0,0,0,0,0,0,0,0,0,0,0,0,0,0,0,0,0,0,0
"1457649314",0,0,0,0,0,0,0,0,0,0,0,0,0,0,0,0,0,0,0,0
"1457650010",0,0,0,0,0,0,0,0,0,0,0,0,0,0,0,0,0,0,0,0
"1457650517",776.634311682072,174.507388965635,86.812754713282,53.7129567062882,111.148638933984,140.32952162479,796.674913790058,856.348824502764,320.571396812833,25.8655262428689,374.37895765802,890.551532478446,776.636523149908,174.507885875792,86.8130019127836,1038,1343,3317,4608,5645
"1457650576",0,0,0,0,0,0,0,0,0,0,0,0,0,0,0,0,0,0,0,0
"1457652722",0,0,0,0,0,0,0,0,0,0,0,0,0,0,0,0,0,0,0,0
"1457653168",0,0,0,0,0,0,0,0,0,0,0,0,0,0,0,0,0,0,0,0
"1457653540",0.00780661257745408,0.00780661257745408,0.00780661257745408,0.00780661257745408,0.00780661257745408,0.00780661257745408,0.00780661257745408,0.00780661257745408,0.00780661257745408,0.00780661257745408,0.00780661257745408,0.00780661257745408,0.00780661257745408,0.00780661257745408,0.00780661257745408,0,0,0,0,0
"1457654105",144.85109181541,144.85109181541,144.85109181541,144.85109181541,144.85109181541,144.85109181541,144.85109181541,144.85109181541,144.85109181541,144.85109181541,144.85109181541,144.85109181541,144.85109181541,144.85109181541,144.85109181541,435,869,1304,1738,2173
"1457658143",169.01836383168,169.01836383168,169.01836383168,169.01836383168,169.01836383168,169.01836383168,169.01836383168,169.01836383168,169.01836383168,169.01836383168,169.01836383168,169.01836383168,169.01836383168,169.01836383168,169.01836383168,507,1014,1521,2028,2535
"1457662361",0,0,0,0,0,0,0,0,0,0,0,0,0,0,0,0,0,0,0,0
"1457662922",0,0,0,0,0,0,0,0,0,0,0,0,0,0,0,0,0,0,0,0
"1457663546",0,0,0,0,0,0,0,0,0,0,0,0,0,0,0,0,0,0,0,0
"1457665328",188.174136861345,188.174136861345,188.174136861345,188.174136861345,188.174136861345,188.174136861345,188.174136861345,188.174136861345,188.174136861345,188.174136861345,188.174136861345,188.174136861345,188.174136861345,188.174136861345,188.174136861345,565,1129,1694,2258,2823
"1457666529",0,0,0,0,0,0,0,0,0,0,0,0,0,0,0,0,0,0,0,0
"1457667045",0,0,0,0,0,0,0,0,0,0,0,0,0,0,0,0,0,0,0,0
"1457674548",0,0,0,0,0,0,0,0,0,0,0,0,0,0,0,0,0,0,0,0
"1457685264",0,0,0,0,0,0,0,0,0,0,0,0,0,0,0,0,0,0,0,0
"1457685329",0,0,0,0,0,0,0,0,0,0,0,0,0,0,0,0,0,0,0,0
"145768540X",0,0,0,0,0,0,0,0,0,0,0,0,0,0,0,0,0,0,0,0
"1457686392",0,0,0,0,0,0,0,0,0,0,0,0,0,0,0,0,0,0,0,0
"1457690888",0,0,0,0,0,0,0,0,0,0,0,0,0,0,0,0,0,0,0,0
"1457697351",0,0,0,0,0,0,0,0,0,0,0,0,0,0,0,0,0,0,0,0
"1457699729",0,0,0,0,0,0,0,0,0,0,0,0,0,0,0,0,0,0,0,0
"1464103356",145.689161154368,52.4890291222845,24.2493938326422,40.0836303508982,59.1275899634055,178.985212198891,716.315448960674,373.164457154506,113.309066938702,80.2685822815383,170.964256705307,489.485356478594,145.689161887965,52.4890293865854,24.2493939547464,222,501,1703,2444,2667
"1464106037",716.372759876846,716.372759876846,716.372759876846,716.372759876846,716.372759876846,716.372759876846,716.372759876846,716.372759876846,716.372759876846,716.372759876846,716.372759876846,716.372759876846,716.372759876846,716.372759876846,716.372759876846,2149,4298,6447,8596,10746
"1464107815",0,0,0,0,0,0,0,0,0,0,0,0,0,0,0,0,0,0,0,0
"1464108781",0,0,0,0,0,0,0,0,0,0,0,0,0,0,0,0,0,0,0,0
"1464108994",26.8852342707182,26.8852342707182,26.8852342707182,26.8852342707182,26.8852342707182,26.8852342707182,26.8852342707182,26.8852342707182,26.8852342707182,26.8852342707182,26.8852342707182,26.8852342707182,26.8852342707182,26.8852342707182,26.8852342707182,81,161,242,323,403
"146410901X",388.08488104733,2.57752572920359,-3.90936835262326,40.7999192215218,19.8291412333246,145.411304557558,667.414905192595,790.464549143632,187.935542047204,-7.23042816613551,251.463410081116,333.888920227585,388.08488104733,2.57752572920359,-3.90936835262326,387,593,2239,2817,3203
"1464109370",69.7810359144308,69.7810359144308,69.7810359144308,69.7810359144308,69.7810359144308,69.7810359144308,69.7810359144308,69.7810359144308,69.7810359144308,69.7810359144308,69.7810359144308,69.7810359144308,69.7810359144308,69.7810359144308,69.7810359144308,209,419,628,837,1047
"1464110174",0,0,0,0,0,0,0,0,0,0,0,0,0,0,0,0,0,0,0,0
"1464110247",0,0,0,0,0,0,0,0,0,0,0,0,0,0,0,0,0,0,0,0
"146411031X",0,0,0,0,0,0,0,0,0,0,0,0,0,0,0,0,0,0,0,0
"1464110379",0,0,0,0,0,0,0,0,0,0,0,0,0,0,0,0,0,0,0,0
"1464111693",0,0,0,0,0,0,0,0,0,0,0,0,0,0,0,0,0,0,0,0
"1464113084",0,0,0,0,0,0,0,0,0,0,0,0,0,0,0,0,0,0,0,0
"1464114889",0,0,0,0,0,0,0,0,0,0,0,0,0,0,0,0,0,0,0,0
"1464122113",0,0,0,0,0,0,0,0,0,0,0,0,0,0,0,0,0,0,0,0
"1464122180",0,0,0,0,0,0,0,0,0,0,0,0,0,0,0,0,0,0,0,0
"1464124663",222.207381031369,222.207381031369,222.207381031369,222.207381031369,222.207381031369,222.207381031369,222.207381031369,222.207381031369,222.207381031369,222.207381031369,222.207381031369,222.207381031369,222.207381031369,222.207381031369,222.207381031369,667,1333,2000,2666,3333
"1464125260",0,0,0,0,0,0,0,0,0,0,0,0,0,0,0,0,0,0,0,0
"1464125570",4.99940836542352,4.99940836542352,4.99940836542352,4.99940836542352,4.99940836542352,4.99940836542352,4.99940836542352,4.99940836542352,4.99940836542352,4.99940836542352,4.99940836542352,4.99940836542352,4.99940836542352,4.99940836542352,4.99940836542352,15,30,45,60,75
"1464126100",0,0,0,0,0,0,0,0,0,0,0,0,0,0,0,0,0,0,0,0
"1464126135",0,0,0,0,0,0,0,0,0,0,0,0,0,0,0,0,0,0,0,0
"1464126143",0,0,0,0,0,0,0,0,0,0,0,0,0,0,0,0,0,0,0,0
"1464126755",0,0,0,0,0,0,0,0,0,0,0,0,0,0,0,0,0,0,0,0
"716749920",26.0697551456879,131.669813104022,447.40827714005,63.0224892448743,-296.70773436037,-271.851268740556,246.896151147924,64.4219258615644,-287.554304875757,-72.3600240031965,-286.849671515538,-317.423595174038,-46.1923655910715,59.4076923672622,375.146156403291,605,100,123,-553,-165
"716759349",9.88248382351356,9.88248382351356,9.88248382351356,9.88248382351356,9.88248382351356,9.88248382351356,9.88248382351356,9.88248382351356,9.88248382351356,9.88248382351356,9.88248382351356,9.88248382351356,9.88248382351356,9.88248382351356,9.88248382351356,30,59,89,119,148
"716761211",-126.123980727146,-78.4579036342139,267.090793826278,352.087218648338,-53.0915532399382,-170.867570868206,-178.894034772726,217.964791925058,-109.276115526928,-242.53160456035,-277.132617923643,-189.964765321447,-205.1982628996,-157.532185806668,188.016511653823,63,191,120,-589,-764
"071677108X",6.7014656628698e-06,6.7014656628698e-06,6.7014656628698e-06,6.7014656628698e-06,6.7014656628698e-06,6.7014656628698e-06,6.7014656628698e-06,6.7014656628698e-06,6.7014656628698e-06,6.7014656628698e-06,6.7014656628698e-06,6.7014656628698e-06,6.7014656628698e-06,6.7014656628698e-06,6.7014656628698e-06,0,0,0,0,0
"716771969",457.53198803024,-62.4414838163131,-255.973269865616,-135.777670414084,363.796221555468,58.1528537622915,-220.5360377127,-215.540245914383,-181.229353669247,-166.643117735031,-141.52520384661,486.210663993483,457.53198803024,-62.4414838163131,-255.973269865616,139,425,-192,-14,125
"716779986",83.1157083625781,62.1164245459308,7.56458039158672,16.6768132252276,10.6496914726168,7.87046652226083,18.741809326834,54.3342106090767,25.0021544769731,31.2553224984086,60.568005610761,23.2747193286769,83.116747424713,62.1172010877659,7.56467495937909,153,188,286,401,554
"071678338X",34.0829530855023,34.0829530855023,34.0829530855023,34.0829530855023,34.0829530855023,34.0829530855023,34.0829530855023,34.0829530855023,34.0829530855023,34.0829530855023,34.0829530855023,34.0829530855023,34.0829530855023,34.0829530855023,34.0829530855023,102,204,307,409,511
"716786974",-186.34562347292,-84.1378186147174,719.021098570631,1093.74722914685,316.562369684521,-187.260398863917,-132.541519684441,562.095693790393,14.1234711050567,-183.486875865046,-190.644945495417,-145.881475338778,-186.34562347292,-84.1378186147174,719.021098570631,449,1672,2115,1595,2044
"716795868",-1.48596268852373,-3.21378014760584,-5.34390752081439,-3.41366387208829,-4.95991286190513,-5.54615898896253,-6.21501985877575,-12.0773774111495,-27.7409557679916,-23.0691698629598,-12.3333347465834,-19.7919168147643,-41.5880620391802,-29.9235690516309,-31.6012516954856,-10,-24,-70,-125,-228
"312385331",-29.5656705621298,399.331708692088,505.866704597959,3378.73560513826,3717.56161734595,1510.57163534525,-478.005196419152,17.9930747051865,2698.79661287994,1050.64881224626,-112.318041163607,0.930094058057648,-29.5656705621298,399.331708692088,505.866704597959,876,9483,11721,12661,13536
"312412150",-119.064152582566,-104.318249952262,37.5680824743678,784.412071713464,866.684574150827,334.302281424908,-72.1512040946215,-10.6876497108825,340.63524996498,186.934600816071,-49.787309630433,-111.094322260632,-119.064152582566,-104.318249952262,37.5680824743678,-186,1800,2057,2083,1898
"312419090",-65.584387543106,-673.068130794238,-721.520676536122,255.989697280223,-374.604292975566,-802.319148352144,-804.647959700488,-815.830391841713,-753.908003407227,-591.781224911685,1593.7353735775,822.475543733344,-65.584387543106,-673.068130794238,-721.520676536122,-1460,-2381,-4755,-2931,-4391
"312419368",-5.13187221129797,-369.637666952444,-312.811070302614,-377.53156360857,-251.925262973855,-252.399557784816,525.79629115384,497.991441231317,39.302589080751,-440.47923412158,-346.562743257878,571.210886878091,-5.13187221129797,-369.637666952444,-312.811070302614,-688,-1569,-506,-722,-1410
"312436289",-31.1973305145989,82.6578201018982,202.671886864448,78.9058840887611,-84.5995389442958,-49.3779811266005,297.961445696071,128.888248134438,-35.791936598411,-53.0285417730403,-88.0491638564403,-45.6327051126511,-31.1973305145989,82.6578201018982,202.671886864448,254,199,590,403,658
"312436475",-108.104486549076,-95.0790350228482,-85.0364043380659,159.207889811538,266.302153809256,83.1208525973913,-137.719249623102,-87.5990531383069,484.721638654174,130.081002649129,-140.837759884524,-155.231902461164,-108.104486549076,-95.0790350228482,-85.0364043380659,-288,220,480,314,26
"031243829X",-267.709092463777,-115.393107444232,118.902407905495,1357.25792818869,1921.50968937406,697.467920478672,-289.648470978378,-82.303740153092,715.658001547642,-85.8650361821037,-243.999714824942,-315.067731541909,-267.709092463777,-115.393107444232,118.902407905495,-264,3712,4056,3411,3147
"312440685",-55.4423950311173,-74.5327348159941,-70.9518008783592,-80.8514237409755,-1.69739982865141,117.919949637418,157.26391978949,66.5654471415342,-77.6253711978125,-82.0768649023659,93.9637945474529,-31.827658095337,-55.4423950311173,-74.5327348159941,-70.9518008783592,-201,-166,-19,-39,-240
"312440839",-429.381528515446,-295.802427629146,2443.76045658939,2188.06477600456,559.546651192641,-405.236890866871,-342.185588242985,1755.58549303262,516.565442298447,-490.958542752314,-601.074851817274,-508.270407582133,-429.381528515446,-295.802427629146,2443.76045658939,1719,4061,5991,4391,6109
"312466161",-62.8013568658488,-80.9838094851532,468.188513249149,356.415948226614,144.139963273067,-140.380092473705,-118.955451122977,598.76883402174,232.169518225861,-80.2724623376895,-90.357990594273,-168.098959448653,-62.8013568658488,-80.9838094851532,468.188513249149,324,685,1397,1058,1382
"312474881",-228.415249227504,416.076842791995,569.565317356805,-1.90138910073777,-300.286939734187,-133.723611367069,553.111958908354,-33.2237183749424,-309.658747769776,-397.332771679076,-411.953393292983,-353.068163507052,-292.599311283459,351.892780736039,505.381255300849,757,321,532,-631,-66
"031247489X",-248.605029717432,-314.681338761058,-306.82544029868,-239.379644362627,-247.562289312894,443.100583007793,597.178368867117,-123.312866819026,-303.930061000479,-178.485025479128,608.051525931142,-9.07831846105232,-248.605029717432,-314.681338761058,-306.82544029868,-870,-914,-744,-324,-1194
"312477104",1706.67680267612,1839.82635805826,231.184652839387,-493.892070335127,-301.540329207491,1301.00962552838,282.719131267018,-378.204975238416,-371.415576472187,-379.982784472361,-134.520992380367,81.5553888297673,1706.67680267612,1839.82635805826,231.184652839387,3778,4283,3816,3383,7161
"031253406X",-57.1205142451856,-50.5969591398286,83.3324310478618,249.84753515481,636.929605237346,69.5706606715353,-86.1173024353151,10.6721816396208,198.208424160018,-25.3635052155427,-82.0676438958964,-62.9891601664136,-57.1205142451856,-50.5969591398286,83.3324310478618,-24,932,1055,884,860
"312534078",1344.98583107772,1268.40810706463,235.4194637334,-246.07248450896,-100.377516978338,888.212582231478,298.479823551572,-223.213504080127,-203.362871784573,-191.489226249816,-133.668510548237,-73.1653466004438,1344.98583107772,1268.40810706463,235.4194637334,2849,3391,3262,2864,5713
"312539193",165.652150589429,563.492608933475,198.014262724173,-147.606005649264,129.301838460843,471.623380983808,110.431275918008,-72.1680334878923,-37.9758035821762,-79.6504056544671,-72.6030243616466,56.2535827173367,165.652150589429,563.492608933475,198.014262724173,927,1380,1381,1285,2212
"312547323",96.7910503505918,-1116.51094508696,-1406.28191473138,-1232.02107560231,-979.621261220459,-977.588732292488,601.169592573495,1206.93064988828,-693.046400063692,-1293.56750169472,-1112.42708966569,2128.99393933295,96.7910503505918,-1116.51094508696,-1406.28191473138,-2426,-5615,-4500,-4777,-7203
"312549881",89.7835956333418,82.7687838984742,76.3108813137136,70.3656746038937,64.8924606062258,59.8537676008526,55.2150987650982,50.9446959950041,47.013322477183,43.3940625223931,40.0621372904183,36.9947351446349,34.1708554748082,31.571164918869,29.1778649993103,249,444,597,718,813
"312554303",397.524359855028,576.845913067871,206.923590093503,-71.2261129380957,-5.62732917745974,474.648812065226,132.293672473545,-20.4650197772356,-79.1624585765343,-83.6614442458054,-51.2352485916939,-6.59005517536634,397.524359855028,576.845913067871,206.923590093503,1181,1579,1612,1470,2652
"312556411",-682.968507398564,-701.809847059318,-873.317840312821,-825.575127607878,-728.328081715294,-321.993687618065,416.828699755692,-462.097514807054,-1130.53422600255,-1087.07420930406,734.520944173301,-127.407762308588,-1071.53676028885,-1090.3780999496,-1261.88609320311,-2258,-4134,-5310,-5790,-9214
"312560796",930.84871581693,1161.15164293127,315.493812157065,-109.567026945924,-25.0927617122399,685.238461500057,352.157677687989,-74.9976102565658,-135.207804958809,-83.6722242288157,16.3891311269683,-9.38494948418312,930.84871581693,1161.15164293127,315.493812157065,2407,2958,3100,3023,5431
"312560818",0,0,0,0,0,0,0,0,0,0,0,0,0,0,0,0,0,0,0,0
"312607571",1365.03973894539,15.8664121996312,-281.955215153147,-258.21401386803,1431.31612086781,352.37967657689,-346.521712309045,-377.428903205628,-331.141815345336,-391.942257652408,-113.638302257841,592.727287325308,1365.03973894539,15.8664121996312,-281.955215153147,1099,2624,1569,1656,2755
"031260761X",601.956356171704,-471.024376396486,-738.559471368399,-736.706630396303,-643.289300964876,-702.910163942848,-439.413368731639,2209.09219719407,1958.49475722035,216.634044245834,-785.573948100564,-637.794376270021,601.956356171704,-471.024376396486,-738.559471368399,-608,-2691,1038,-169,-777
"312610416",-450.304145960024,-2447.85281944755,-2001.00597318308,-2237.4514852333,-1824.86263344733,-1062.4689002659,4659.78771394306,4356.55866051127,-1048.51351163617,-2041.39835091054,-2068.1390500913,1772.65932413543,-450.304145960024,-2447.85281944755,-2001.00597318308,-4899,-10024,-2056,-4393,-9292
"312612737",-1114.14147973101,-1105.56949094179,-272.270347507217,-810.44634473561,-1112.28790620072,-1010.30399169071,-1119.68396618857,-969.607832863967,-930.828209805513,626.145301816133,249.603867524563,-71.452328509223,-1114.14147973101,-1105.56949094179,-272.270347507217,-2492,-5425,-8445,-7641,-10133
"312613385",1062.87834057559,560.904775162519,-319.643288682356,-10.7119443004955,70.1573345132542,219.780293675506,298.023426068811,2277.97693848566,3837.56965500508,1655.70850653316,-169.788909786351,0.0341833573706936,1062.87834057559,560.904775162519,-319.643288682356,1304,1583,7997,9483,10787
"312618115",719.070063290198,983.111254040708,298.509507479149,-71.0267312956544,-57.6563033797253,604.878558928993,344.154117222179,-64.7395047763889,-87.6956254854733,-65.8884779872993,-94.5042828907386,-52.0521847480225,719.070063290198,983.111254040708,298.509507479149,2001,2477,2669,2456,4457
"312624123",148.87421021896,148.87421021896,148.87421021896,148.87421021896,148.87421021896,148.87421021896,148.87421021896,148.87421021896,148.87421021896,148.87421021896,148.87421021896,148.87421021896,148.87421021896,148.87421021896,148.87421021896,447,893,1340,1786,2233
"312631324",28.9281848238993,-331.854069731248,-142.286224416818,-337.228422893474,-188.974849795764,-275.510017593344,419.970066398512,817.944763445273,36.0504833304027,-383.431452443113,-306.101906593018,413.348532817181,28.9281848238993,-331.854069731248,-142.286224416818,-445,-1247,27,-249,-694
"312638272",-32.3817696902339,-38.7334762406013,-45.0851827909687,-51.4368893413361,-57.7885958917035,-64.1403024420709,-70.4920089924383,-76.8437155428057,-83.1954220931731,-89.5471286435405,-95.8988351939079,-102.250541744275,-108.602248294643,-114.95395484501,-121.305661395377,-116,-290,-520,-808,-1153
"312643284",732.445408943178,46.6415204045975,-356.037651840603,-302.370918106993,-285.581553860779,-238.417563631002,-20.5843978512786,1409.43279652631,2607.13598482693,109.415537215825,-401.707724769499,-153.197290121667,732.445408943178,46.6415204045975,-356.037651840603,423,-403,3593,3147,3570
"312643292",2020.70731042949,671.442836500489,-58.434001917166,-202.365319576484,-82.8074132936247,-141.60178090466,115.97301892549,540.305735959569,1235.23371055691,85.1186142279724,-302.695530497625,-77.6870714307053,2020.70731042949,671.442836500489,-58.434001917166,2634,2207,4098,3803,6437
"312644205",546.546863505317,36.0420470781311,21.5153341802064,-68.4075213257558,-71.9468613753132,-1.55240048252551,227.720867136572,1726.91328641308,1229.7421109273,316.903650673522,-203.568750247011,3.28269337149413,546.546863505317,36.0420470781311,21.5153341802064,604,462,3647,3763,4367
"312646992",1229.59919729103,40.699715805441,-513.884916768903,-543.430787670849,-621.787577811529,-597.590521979486,-700.318212723759,495.125728835402,460.946505354273,-512.585157561941,-863.44617178398,-709.740236081719,916.42758300878,-272.471898476812,-827.056531051156,756,-1006,-751,-2836,-3020
"312653603",11.2795700593602,11.2795700593602,11.2795700593602,11.2795700593602,11.2795700593602,11.2795700593602,11.2795700593602,11.2795700593602,11.2795700593602,11.2795700593602,11.2795700593602,11.2795700593602,11.2795700593602,11.2795700593602,11.2795700593602,34,68,102,135,169
"312674902",258.96561215502,258.96561215502,258.96561215502,258.96561215502,258.96561215502,258.96561215502,258.96561215502,258.96561215502,258.96561215502,258.96561215502,258.96561215502,258.96561215502,258.96561215502,258.96561215502,258.96561215502,777,1554,2331,3108,3884
"312675127",2530.22214403185,1040.6347189171,-132.835381238751,-265.683481013892,46.233211064061,-90.2827707884052,-295.22546308826,546.157989294035,1459.47552609141,-69.8399852660689,-317.895849764836,-172.401706385494,2530.22214403185,1040.6347189171,-132.835381238751,3438,3128,4839,4279,7717
"312681704",98.9850178552837,98.9850178552837,98.9850178552837,98.9850178552837,98.9850178552837,98.9850178552837,98.9850178552837,98.9850178552837,98.9850178552837,98.9850178552837,98.9850178552837,98.9850178552837,98.9850178552837,98.9850178552837,98.9850178552837,297,594,891,1188,1485
"1429201258",-436.444401466646,-440.786661426889,-517.907700877886,-431.850353537299,-330.218419768601,418.878098071698,560.157254421181,-224.553046449337,-767.093452041432,-549.590737450892,462.856843429869,-260.143216140267,-613.396482995238,-617.73874295548,-694.859782406478,-1395,-1738,-2170,-2517,-4443
"1429202254",-361.647574271376,-514.480012737747,-498.842867062092,-416.834651966898,-386.28719117434,7.06440696088222,418.414910137443,-154.321850653418,-534.677333382131,-438.823195531987,363.621004580539,-42.0144240916847,-361.647574271376,-514.480012737747,-498.842867062092,-1375,-2171,-2442,-2559,-3934
"1429205784",162.995369379424,162.995369379424,162.995369379424,162.995369379424,162.995369379424,162.995369379424,162.995369379424,162.995369379424,162.995369379424,162.995369379424,162.995369379424,162.995369379424,162.995369379424,162.995369379424,162.995369379424,489,978,1467,1956,2445
"1429208384",-105.339710490599,-440.297055520453,-698.98788216252,-195.68462525348,-267.262392478644,163.595019930124,2458.34445934074,2633.37003801103,172.463861344794,-276.648271452555,12.2189029183637,544.989977880415,-105.339710490599,-440.297055520453,-698.98788216252,-1245,-1544,3720,4001,2756
"1429208392",-87.1687703664657,-130.366854231334,-89.0655757356242,-118.922784599309,-98.6679432283233,-101.633932086658,592.664745488247,381.609303943727,8.18410210139223,-132.073286358632,-125.452430140327,73.8398825156292,-87.1687703664657,-130.366854231334,-89.0655757356242,-307,-626,357,173,-134
"1429212411",-227.876604834307,-509.10413071553,-519.489963989917,-405.609912768563,-452.080328342658,-406.138008713513,286.490208468713,545.550750016997,-45.2863812758903,-580.335555775979,-503.057850691396,251.16237511776,-400.423575747559,-681.651101628782,-692.036934903169,-1256,-2520,-1734,-2566,-4340
"1429216328",2.13635232010294,2.13635232010294,2.13635232010294,2.13635232010294,2.13635232010294,2.13635232010294,2.13635232010294,2.13635232010294,2.13635232010294,2.13635232010294,2.13635232010294,2.13635232010294,2.13635232010294,2.13635232010294,2.13635232010294,6,13,19,26,32
"1429216336",-481.839711356538,-153.96798144135,-282.118841056422,-283.521137527519,1069.70617819321,1022.92651170925,95.9702950665015,-579.118457375182,-361.062108317148,1027.94467444029,341.968076010074,-522.276798200928,-481.839711356538,-153.96798144135,-282.118841056422,-918,891,47,895,-23
"1429218142",-92.6974868439882,-108.006200374808,-108.794648017406,-13.9902937709543,-106.727297504376,110.786723601899,308.404119649429,16.0427221492987,6.82196944721852,-100.753615705321,117.178298301587,-29.2447731524649,-92.6974868439882,-108.006200374808,-108.794648017406,-309,-319,12,-1,-310
"1429218207",-214.880264455863,-110.705833542253,286.723167275041,-17.0934267283218,-230.72383347826,-207.056886698148,-228.881369236183,-218.802927102616,-168.249637853181,298.66082736626,306.197643222186,-40.4992756138907,-214.880264455863,-110.705833542253,286.723167275041,-39,-494,-1110,-545,-584
"1429218274",84.7413732965731,134.010965626122,204.177595104893,52.8368597800153,287.299831816878,1090.87031188557,1609.31439237001,2744.91338789555,1704.91714127054,399.15634777137,190.153520732539,148.790638130917,84.7413732965731,134.010965626122,204.177595104893,423,1854,7913,8651,9074
"1429218703",1.58109157139376e-08,1.58109157139376e-08,1.58109157139376e-08,1.58109157139376e-08,1.58109157139376e-08,1.58109157139376e-08,1.58109157139376e-08,1.58109157139376e-08,1.58109157139376e-08,1.58109157139376e-08,1.58109157139376e-08,1.58109157139376e-08,1.58109157139376e-08,1.58109157139376e-08,1.58109157139376e-08,0,0,0,0,0
"1429219475",414.362805619357,1602.15619951554,126.689214785709,-81.9209333984906,-181.030972622234,223.833053539441,8.90991795775187,-123.834923842397,-73.8118149569542,-79.1458833980747,-58.3695427013929,82.2073696126409,414.362805619357,1602.15619951554,126.689214785709,2143,2104,1915,1860,4003
"1429219564",-167.396576198729,15.4695516239898,1785.69427724551,1801.93930271064,1008.488356912,-329.648583504084,-386.353928215436,874.308707399809,131.353583253264,-439.165976798609,-249.916115576441,-309.384015373038,-167.396576198729,15.4695516239898,1785.69427724551,1634,4115,4734,3735,5369
"1429219726",409.529975367198,-89.6530676063358,-270.574539215863,-230.943347814892,-223.001171686798,-171.28283599149,-157.900773758374,328.003197913833,674.476929828626,136.682411942567,-243.176391703716,53.8134821994213,409.529975367198,-89.6530676063358,-270.574539215863,49,-576,269,216,265
"1429222638",-241.184972690866,-567.362748976923,-434.004968303447,-320.770700518042,-470.745749200272,-581.931778893854,-570.330185024347,-555.307783351394,-534.950837683543,-410.815402080209,62.5234194918141,82.2821286049584,-241.184972690866,-567.362748976923,-434.004968303447,-1243,-2616,-4277,-4543,-5785
"1429229365",161.171248172812,-34.9150873113665,-371.009439979212,-430.893011528485,-387.668589702059,-232.589183866103,-155.366832988597,1440.44936883166,1697.92812807704,191.457790022024,-486.666803006518,-516.590450198215,161.171248172812,-34.9150873113665,-371.009439979212,-245,-1296,1687,875,631
"1429231874",25.5269576569419,28.7179799094982,-22.9183578742641,-11.5411769438641,-38.39386253387,-27.4226012392015,-23.6532247564541,106.73071392765,248.862328188639,253.141347804863,-8.65029825835716,12.625212399463,25.5269576569419,28.7179799094982,-22.9183578742641,31,-46,286,543,574
"1429231963",-4.90500398670888,139.608975536831,191.488117413383,180.704736925708,195.453709026875,-6.27011244147934,26.3578240536198,177.706679664543,72.8767802272875,-13.5486664227496,-15.0051283559778,-6.08352808823383,-4.90500398670888,139.608975536831,191.488117413383,326,696,973,938,1265
"142923251X",26.2091837275779,26.2091837275779,26.2091837275779,26.2091837275779,26.2091837275779,26.2091837275779,26.2091837275779,26.2091837275779,26.2091837275779,26.2091837275779,26.2091837275779,26.2091837275779,26.2091837275779,26.2091837275779,26.2091837275779,79,157,236,315,393
"1429234458",991.191000361593,240.37128195706,-491.869812338029,-329.457999657574,-273.501963759455,-186.256926369581,-112.156709048355,776.837390679302,618.482434864347,251.083658101736,-341.377410580782,-212.310978217207,991.191000361593,240.37128195706,-491.869812338029,740,-50,1234,931,1671
"1429237198",-362.285821067287,-642.13037972632,-686.99231905865,-483.184703189184,-440.173291666194,-357.638214194884,979.809989973833,2343.47343886067,304.586286610607,-437.496823639935,-502.028789913784,146.945273079082,-362.285821067287,-642.13037972632,-686.99231905865,-1691,-2972,655,-137,-1829
"1429240121",54.6648160498755,54.6648160498755,54.6648160498755,54.6648160498755,54.6648160498755,54.6648160498755,54.6648160498755,54.6648160498755,54.6648160498755,54.6648160498755,54.6648160498755,54.6648160498755,54.6648160498755,54.6648160498755,54.6648160498755,164,328,492,656,820
"1429240180",-21.8914852581094,-137.642140710711,-147.558755513603,-193.123379693405,-173.036075036405,-140.462018493858,403.672986199796,311.569119540682,-78.6597261820902,-221.634091881694,-136.955097400235,291.63823310183,-21.8914852581094,-137.642140710711,-147.558755513603,-307,-814,-177,-244,-551
"1429240792",0,0,0,0,0,0,0,0,0,0,0,0,0,0,0,0,0,0,0,0
"1429242302",31.288086131164,31.288086131164,31.288086131164,31.288086131164,31.288086131164,31.288086131164,31.288086131164,31.288086131164,31.288086131164,31.288086131164,31.288086131164,31.288086131164,31.288086131164,31.288086131164,31.288086131164,94,188,282,375,469
"1429242671",-161.274287372728,-262.738404176646,-224.642310718157,-218.584238766551,-171.289573272093,-17.4873850902198,180.966826087718,-44.9666457892638,-239.012899316954,-175.794493473623,645.645469852048,5.72505672491226,-161.274287372728,-262.738404176646,-224.642310718157,-649,-1056,-1159,-683,-1332
"1429251638",24.6129366826095,11.1854619161733,-2.24201285026302,-15.6694876166993,-29.0969623831355,-42.5244371495718,-55.9519119160081,-69.3793866824443,-82.8068614488806,-96.2343362153169,-109.661810981753,-123.089285748189,-136.516760514626,-149.944235281062,-163.371710047498,34,-54,-262,-591,-1041
"142925257X",43.1799127485299,43.1799127485299,43.1799127485299,43.1799127485299,43.1799127485299,43.1799127485299,43.1799127485299,43.1799127485299,43.1799127485299,43.1799127485299,43.1799127485299,43.1799127485299,43.1799127485299,43.1799127485299,43.1799127485299,130,259,389,518,648
"1429253533",37.473351638268,37.473351638268,37.473351638268,37.473351638268,37.473351638268,37.473351638268,37.473351638268,37.473351638268,37.473351638268,37.473351638268,37.473351638268,37.473351638268,37.473351638268,37.473351638268,37.473351638268,112,225,337,450,562
"1429254718",2.99839957804807,2.99839957804807,2.99839957804807,2.99839957804807,2.99839957804807,2.99839957804807,2.99839957804807,2.99839957804807,2.99839957804807,2.99839957804807,2.99839957804807,2.99839957804807,2.99839957804807,2.99839957804807,2.99839957804807,9,18,27,36,45
"1429255196",7.60787402711401,162.170483965732,680.308903673416,487.698078921598,94.9224549831687,-56.8332599503379,-10.2040474362565,382.988412860136,107.596024455469,-11.4905215704895,-22.3038885548337,-27.0397377159061,7.60787402711401,162.170483965732,680.308903673416,850,1376,1856,1795,2646
"1429262400",-35.2235065936492,23.8508170796321,81.7818432112241,300.063845958498,1.49162922589775,-48.7240787756244,0.214810519277933,111.628555620294,81.4625609248612,-29.7725047903608,-45.8219701548147,-35.9183682217604,-35.2235065936492,23.8508170796321,81.7818432112241,70,323,517,405,475
"1429262567",0.000100314285642833,0.000100314285642833,0.000100314285642833,0.000100314285642833,0.000100314285642833,0.000100314285642833,0.000100314285642833,0.000100314285642833,0.000100314285642833,0.000100314285642833,0.000100314285642833,0.000100314285642833,0.000100314285642833,0.000100314285642833,0.000100314285642833,0,0,0,0,0
"1429263318",24.901694657942,24.901694657942,24.901694657942,24.901694657942,24.901694657942,24.901694657942,24.901694657942,24.901694657942,24.901694657942,24.901694657942,24.901694657942,24.901694657942,24.901694657942,24.901694657942,24.901694657942,75,149,224,299,374
"1429264837",218.353608324172,-19.6569316736029,-152.616623220082,-139.675198737853,-145.833476018513,-114.214764222005,13.2907671240684,222.932673825202,169.402895458015,-59.8235172191234,-177.365981528506,0.557638436059763,218.353608324172,-19.6569316736029,-152.616623220082,46,-354,52,-185,-139
"1429266112",77.5719913840962,77.5719913840962,77.5719913840962,77.5719913840962,77.5719913840962,77.5719913840962,77.5719913840962,77.5719913840962,77.5719913840962,77.5719913840962,77.5719913840962,77.5719913840962,77.5719913840962,77.5719913840962,77.5719913840962,233,465,698,931,1164
"1429266791",0.00377829161655043,0.00377829161655043,0.00377829161655043,0.00377829161655043,0.00377829161655043,0.00377829161655043,0.00377829161655043,0.00377829161655043,0.00377829161655043,0.00377829161655043,0.00377829161655043,0.00377829161655043,0.00377829161655043,0.00377829161655043,0.00377829161655043,0,0,0,0,0
"1429273712",-1.89782892571532,-3.44428800253209,-4.99074707934886,-6.53720615616564,-8.08366523298241,-9.63012430979918,-11.1765833866159,-12.7230424634327,-14.2695015402495,-15.8159606170663,-17.362419693883,-18.9088787706998,-20.4553378475166,-22.0017969243333,-23.5482560011501,-10,-35,-73,-125,-191
"1429282541",5.16069576763369e-64,5.16069576763369e-64,5.16069576763369e-64,5.16069576763369e-64,5.16069576763369e-64,5.16069576763369e-64,5.16069576763369e-64,5.16069576763369e-64,5.16069576763369e-64,5.16069576763369e-64,5.16069576763369e-64,5.16069576763369e-64,5.16069576763369e-64,5.16069576763369e-64,5.16069576763369e-64,0,0,0,0,0
"1429283408",35.1040285223229,35.1040285223229,35.1040285223229,35.1040285223229,35.1040285223229,35.1040285223229,35.1040285223229,35.1040285223229,35.1040285223229,35.1040285223229,35.1040285223229,35.1040285223229,35.1040285223229,35.1040285223229,35.1040285223229,105,211,316,421,527
"1429283424",269.086441580678,181.118618851997,68.4168385171535,37.3279774976809,42.4036484986501,42.2830909872486,65.6122147776969,184.445881741723,324.374256049124,152.497418958805,99.7379259708792,53.3946104434264,269.089275208496,181.120526130393,68.4175589839883,519,641,1215,1521,2039
"1429283432",168.781275153345,118.961406543366,44.8538177303802,24.9385252637853,24.8083827916239,48.0558075301012,36.2136966632464,120.783406746751,124.840442004669,126.909020775556,28.2302885379493,30.0385449449308,168.783002495333,118.96262401866,44.8542767734975,333,430,712,897,1230
"1429283602",524.13204038606,524.13204038606,524.13204038606,524.13204038606,524.13204038606,524.13204038606,524.13204038606,524.13204038606,524.13204038606,524.13204038606,524.13204038606,524.13204038606,524.13204038606,524.13204038606,524.13204038606,1572,3145,4717,6290,7862
"1429287187",9.28351096428521,9.28351096428521,9.28351096428521,9.28351096428521,9.28351096428521,9.28351096428521,9.28351096428521,9.28351096428521,9.28351096428521,9.28351096428521,9.28351096428521,9.28351096428521,9.28351096428521,9.28351096428521,9.28351096428521,28,56,84,111,139
"1429289759",62.5781979136411,62.5781979136411,62.5781979136411,62.5781979136411,62.5781979136411,62.5781979136411,62.5781979136411,62.5781979136411,62.5781979136411,62.5781979136411,62.5781979136411,62.5781979136411,62.5781979136411,62.5781979136411,62.5781979136411,188,375,563,751,939
"1429292709",-166.61850945177,-112.859802654372,712.227759261304,34.4200886470128,-136.925506917691,-97.5598689128156,-165.022601449479,-120.303741519298,-90.5731524920772,213.611332007334,252.982052910189,31.4918314408483,-166.61850945177,-112.859802654372,712.227759261304,433,233,-143,355,788
"142929292X",38.8929572151371,38.8929572151371,38.8929572151371,38.8929572151371,38.8929572151371,38.8929572151371,38.8929572151371,38.8929572151371,38.8929572151371,38.8929572151371,38.8929572151371,38.8929572151371,38.8929572151371,38.8929572151371,38.8929572151371,117,233,350,467,583
"1429293012",562.22130062674,93.151714886225,-58.9538171711489,-70.1509804201738,-66.1071768559951,-120.452209101124,32.7332271497034,210.495155970714,377.756606955783,8.97965486163834,-144.094141635535,-1.78420814562227,562.22130062674,93.151714886225,-58.9538171711489,596,340,961,824,1420
"1429295163",199.609482049583,199.609482049583,199.609482049583,199.609482049583,199.609482049583,199.609482049583,199.609482049583,199.609482049583,199.609482049583,199.609482049583,199.609482049583,199.609482049583,199.609482049583,199.609482049583,199.609482049583,599,1198,1796,2395,2994
"1429299851",109.513209441726,109.513209441726,109.513209441726,109.513209441726,109.513209441726,109.513209441726,109.513209441726,109.513209441726,109.513209441726,109.513209441726,109.513209441726,109.513209441726,109.513209441726,109.513209441726,109.513209441726,329,657,986,1314,1643
"1464128928",8.09194222564769e-32,8.09194222564769e-32,8.09194222564769e-32,8.09194222564769e-32,8.09194222564769e-32,8.09194222564769e-32,8.09194222564769e-32,8.09194222564769e-32,8.09194222564769e-32,8.09194222564769e-32,8.09194222564769e-32,8.09194222564769e-32,8.09194222564769e-32,8.09194222564769e-32,8.09194222564769e-32,0,0,0,0,0
"1464135541",0,0,0,0,0,0,0,0,0,0,0,0,0,0,0,0,0,0,0,0
"1457602792",116.118920214797,-46.6834328981739,-42.8557314623662,4.6681054093318,282.288707314659,44.8684999693008,-32.0478596650573,-53.8650873829357,10.7154944020038,-19.5432579893054,5.67005396983347,81.13526551778,116.118920214797,-46.6834328981739,-42.8557314623662,27,358,283,350,377
"312248237",-29.2546546296669,181.499682294095,192.181515032253,111.740842188182,-19.0766733382061,-13.1544027899446,425.2026927001,159.606666243291,-40.8476147939817,-62.0803979526616,-43.5640710930456,2.44016882769624,-29.2546546296669,181.499682294095,192.181515032253,344,424,968,865,1209
"312259107",1201.0005677808,439.129901020896,-400.397082719308,-321.617780780188,843.684256704212,-106.862897052303,-376.461461591121,-501.774423425018,-533.184506809432,-448.684884457606,-185.820393882782,919.721178752617,1201.0005677808,439.129901020896,-400.397082719308,1240,1655,244,529,1768
"146410218X",6.38376799820844,6.38376799820844,6.38376799820844,6.38376799820844,6.38376799820844,6.38376799820844,6.38376799820844,6.38376799820844,6.38376799820844,6.38376799820844,6.38376799820844,6.38376799820844,6.38376799820844,6.38376799820844,6.38376799820844,19,38,57,77,96
"1464103828",90.3185529941073,90.3185529941073,90.3185529941073,90.3185529941073,90.3185529941073,90.3185529941073,90.3185529941073,90.3185529941073,90.3185529941073,90.3185529941073,90.3185529941073,90.3185529941073,90.3185529941073,90.3185529941073,90.3185529941073,271,542,813,1084,1355
"1464104050",-439.011987015794,-1247.10243428493,-900.39755920115,-635.103131411019,-940.126930477169,-545.07902751212,556.974498272039,1129.78048657218,-546.923262938215,-1051.8735558523,-626.077124250023,1000.26838307112,-439.011987015794,-1247.10243428493,-900.39755920115,-2587,-4707,-3567,-4245,-6831
"1464104271",264.168955135017,264.168955135017,264.168955135017,264.168955135017,264.168955135017,264.168955135017,264.168955135017,264.168955135017,264.168955135017,264.168955135017,264.168955135017,264.168955135017,264.168955135017,264.168955135017,264.168955135017,793,1585,2378,3170,3963
"1464104298",567.30106488391,567.30106488391,567.30106488391,567.30106488391,567.30106488391,567.30106488391,567.30106488391,567.30106488391,567.30106488391,567.30106488391,567.30106488391,567.30106488391,567.30106488391,567.30106488391,567.30106488391,1702,3404,5106,6808,8510
"1464105251",88.4806904329207,88.4806904329207,88.4806904329207,88.4806904329207,88.4806904329207,88.4806904329207,88.4806904329207,88.4806904329207,88.4806904329207,88.4806904329207,88.4806904329207,88.4806904329207,88.4806904329207,88.4806904329207,88.4806904329207,265,531,796,1062,1327
"1464108404",1.9380925987887,1.9380925987887,1.9380925987887,1.9380925987887,1.9380925987887,1.9380925987887,1.9380925987887,1.9380925987887,1.9380925987887,1.9380925987887,1.9380925987887,1.9380925987887,1.9380925987887,1.9380925987887,1.9380925987887,6,12,17,23,29
"1464108587",22.1554920100895,22.1554920100895,22.1554920100895,22.1554920100895,22.1554920100895,22.1554920100895,22.1554920100895,22.1554920100895,22.1554920100895,22.1554920100895,22.1554920100895,22.1554920100895,22.1554920100895,22.1554920100895,22.1554920100895,66,133,199,266,332
"146410932X",7.54873652661666,7.54873652661666,7.54873652661666,7.54873652661666,7.54873652661666,7.54873652661666,7.54873652661666,7.54873652661666,7.54873652661666,7.54873652661666,7.54873652661666,7.54873652661666,7.54873652661666,7.54873652661666,7.54873652661666,23,45,68,91,113
"1464111731",1.23143903668901e-13,1.23143903668901e-13,1.23143903668901e-13,1.23143903668901e-13,1.23143903668901e-13,1.23143903668901e-13,1.23143903668901e-13,1.23143903668901e-13,1.23143903668901e-13,1.23143903668901e-13,1.23143903668901e-13,1.23143903668901e-13,1.23143903668901e-13,1.23143903668901e-13,1.23143903668901e-13,0,0,0,0,0
